0.4297184805635571,-0.1281281669796704,1.0
-0.2492649246252595,1.0112778226240324,0.0
0.06718933466772432,-0.49859688714565414,1.0
0.7072744274573639,0.6695937655864611,0.0
0.5703510664358694,0.8713663584623591,0.0
-0.5251286628517255,0.040634969554260714,1.0
-0.8940707755723235,0.41999427932716044,0.0
-0.909988679648724,0.4336404865555049,0.0
0.5547544303045255,0.03916667430625091,1.0
0.489378048935071,-0.1662236546273669,1.0
-0.283871793156602,-0.29641951892489854,1.0
0.8403103078768112,-0.4712191907213741,0.0
0.003378400509477686,0.5115946370826341,1.0
-0.885808680609685,-0.3621762213483577,0.0
-0.3884262219144145,-0.25175802608598413,1.0
-0.21945249373884468,0.8953596962137571,0.0
0.3693622092889224,0.37504845448765634,1.0
0.40435316463805626,0.28367849633784015,1.0
-0.47483022079646175,0.22341673270179419,1.0
-0.911046681797705,-0.43900407973968397,0.0
-0.28977951933966517,0.3644983881494405,1.0
-0.9626064330639554,0.1274299309462308,0.0
0.45592484008000206,0.16202710575032342,1.0
-0.788253680171018,0.7520355545168962,0.0
0.10613982768565902,1.0186838551845316,0.0
-0.30447979908890666,0.46123368463473835,1.0
0.6945251878462472,-0.7227689003442025,0.0
0.9528560479392427,-0.49447280907272806,0.0
-0.4885798522713213,-0.006424404848688045,1.0
-0.47127749151359705,-0.25458050626589074,1.0
-0.01820591710145374,0.5167117162462529,1.0
0.36646193363600743,-0.0042158069200135175,1.0
0.17100137910793406,0.47254901912119646,1.0
0.9018924545149997,0.32116716016501334,0.0
0.9476037531323893,0.11245455542693704,0.0
-1.0137638144288632,0.08781403127133801,0.0
0.8752546438059067,-0.5655123399679636,0.0
0.10124412577386033,1.004175406700018,0.0
-1.0083236095428711,-0.28162519961137694,0.0
-0.1567233674457423,0.40980509699480827,1.0
-0.6869911187217205,-0.5523725360640388,0.0
-0.6313516515740775,0.7469603819319072,0.0
0.2914661626788889,-0.2961404078201483,1.0
-0.20347890881155467,0.3919403788339554,1.0
0.8472953075930727,0.5958161041172866,0.0
0.31173829406261094,0.4238594086909071,1.0
0.1767408993404443,-0.9997865065484473,0.0
0.5146153931774309,-0.16090116915975913,1.0
0.3558684647377713,0.28109813292326546,1.0
-0.09101540418654841,0.5035490707608073,1.0
-0.23982543381276825,-0.41034527127251713,1.0
-0.8354985324525428,-0.5244477190174603,0.0
-0.37800894529390233,0.25886944266705614,1.0
-0.308854244445794,-0.8872382294455537,0.0
-0.48447530995787796,0.03712254546115537,1.0
-0.4433174113367722,0.26076074610433675,1.0
-0.5568913720728678,0.7553311146017977,0.0
-0.39957220308999225,0.23420656196790174,1.0
-0.8403450989208275,0.5508366731057921,0.0
-0.4982889780614851,-0.24150409195020797,1.0
0.43258101652002345,0.8851425969814294,0.0
-0.42672161488855653,0.4111273534480069,1.0
0.3115023926038384,-0.34687039311810197,1.0
-0.08277032799572695,0.4124543666212403,1.0
-0.5649774179439133,0.18173574603350676,1.0
-0.36789154982467037,-0.30609849136375855,1.0
0.4266365039368231,-0.3824762166468937,1.0
0.10658921201036847,-0.5205195251878265,1.0
0.8351186684317861,-0.46976954117129865,0.0
0.507468901808777,0.9712633421026675,0.0
0.4732731048579185,-0.006458547924041547,1.0
-0.4293821367261904,0.046011633388153075,1.0
-0.5247331031210807,0.9442099905062863,0.0
0.7889393070540816,0.5320409468992918,0.0
-0.34375966765401883,0.28842633998455425,1.0
-0.16655111599509012,-0.4534710478229506,1.0
0.8715200416510397,0.44504556196130013,0.0
-0.5045172767905854,-0.14215104651741445,1.0
0.3592200003047757,-0.38649537225013864,1.0
0.569508494925286,-0.7443089274106883,0.0
-0.4907432891332987,0.8894858902215413,0.0
-0.187067556124365,-0.3968642835526749,1.0
0.9568695759657545,-0.19365535160331773,0.0
-0.20882885639839247,0.476526085639819,1.0
-0.05569956828253783,-0.4862077842544384,1.0
-0.33583658119330817,-0.2627812273512818,1.0
0.1550270867721589,0.5942394282176006,1.0
-0.0347327852487913,-0.5147854622121559,1.0
-0.6773447398818132,-0.6953353246016548,0.0
0.444711003082606,-0.8637205880510958,0.0
0.9226651505985475,0.3747354667831604,0.0
-0.5522821682579389,0.21327269735123616,1.0
-1.0328686756875705,0.006399225901998824,0.0
0.2278578205279967,-0.9782504585886421,0.0
0.4720620826644595,-0.13005428882623765,1.0
0.2165095245973409,-0.970461368135716,0.0
-0.1759229509941294,-0.4103806508539052,1.0
0.13635974841689863,0.9754850771545822,0.0
-0.09099832111927984,-0.5277809744819651,1.0
0.9163124996302273,-0.4612187926859613,0.0
0.6288027802394806,-0.784659289857137,0.0
-0.2026632187014125,-1.0014327856701493,0.0
-0.41476879825345897,0.24930686558806303,1.0
-0.5718272649719682,-0.19306690003795526,1.0
0.3652424500200603,0.35111358660992276,1.0
0.2145600280850628,-0.3935721074925192,1.0
0.3600215600624469,-0.38708691330922845,1.0
0.4509932952829868,0.22289552238941737,1.0
1.0405474928453202,0.03825834979149896,0.0
0.34500460846658776,-0.9823114497182708,0.0
-0.10165493678000465,0.9409123129878906,0.0
1.0106171629273348,-0.015180998549784691,0.0
0.20596863126331627,-0.4209316119762437,1.0
-0.4166351124120358,-0.3847724224520794,1.0
-0.42433739256790187,0.38966968975224997,1.0
0.37807813971469534,0.3282986829739917,1.0
0.9689731992633532,-0.2391045139854846,0.0
0.8902127915893671,0.323428931992614,0.0
0.0009127432201976376,-0.5091845702053602,1.0
-0.16973335512642299,-0.3820619081118892,1.0
-0.3952013311704302,0.07392881442543806,1.0
0.5192250022045569,-0.07454638650520641,1.0
-0.488147545639875,-0.04834094980560291,1.0
-0.4593761172589703,0.1019548983284031,1.0
0.12421274072822616,-0.41070348018688324,1.0
-0.2058063291513198,-0.5150212756873411,1.0
-0.10182101767431909,-0.4624374448277474,1.0
-0.3290844471075012,-0.9342072127975701,0.0
0.8827035685681026,-0.5202150133253793,0.0
-1.046534889752245,-0.20129604771128157,0.0
-0.9491851255473257,0.3124103674200054,0.0
0.5017014180908795,-0.16202966711135672,1.0
0.865398363573273,0.45667750728001383,0.0
0.31421853844963366,1.0138511497602087,0.0
0.8841608089362462,-0.31300724860986434,0.0
-0.23273344131789495,-0.4185635945110703,1.0
0.7305694227479946,0.6485495610266431,0.0
-0.29554805214616187,0.9955194633105742,0.0
-0.6522504295309925,0.6686553351807191,0.0
-0.1546876417855476,-0.4261887158541638,1.0
0.39741178145922945,0.426873147490982,1.0
-0.08510447775485384,0.9545035765367851,0.0
0.1894531376851349,0.4625542465960675,1.0
0.6202132290797642,0.78573892304649,0.0
-1.0553458425298163,0.2957927292838913,0.0
0.9396246573645214,-0.15880457996839678,0.0
0.8866188549101641,-0.5083091449806371,0.0
-0.9904757247625062,0.28877773482383967,0.0
0.687041685637405,-0.8309527032587954,0.0
0.683707234518187,-0.8065238339885832,0.0
0.8756810651533945,0.35103122321467856,0.0
0.10882824752081512,-0.9139620637708978,0.0
-0.6445373136858583,-0.8421100363339274,0.0
-0.03795490216993892,-0.4648262789080285,1.0
-0.9234044647659194,0.22637422023149195,0.0
0.4476091663939166,0.1478283547250001,1.0
0.9164515393096865,0.17816715982593365,0.0
0.3396851188969884,0.3828954562425788,1.0
-0.2242038857224174,0.536732945776138,1.0
0.9460084469701605,-0.07235344047765793,0.0
0.15040775370337928,0.9943381263157984,0.0
0.985141244362185,-0.4054221741299354,0.0
0.02531345951287195,0.5059587307681492,1.0
-0.1615484002706481,-1.012783555736261,0.0
-0.530775253254855,-0.8818230000402179,0.0
-0.08929327900438133,-0.4348741017634029,1.0
-0.44899609580214084,0.12864704872642663,1.0
-0.9781365667819629,0.04421650079815728,0.0
-0.8748894713131813,-0.5795986547523143,0.0
0.3758360407535795,-0.16023939202763787,1.0
0.503180017835705,0.9688127294211848,0.0
-0.35235575037038036,-0.31917438907364837,1.0
0.4775889157974841,0.13244835602941887,1.0
-0.39243940759102086,0.2566329049159286,1.0
-0.018340049855710444,-0.4789992507959698,1.0
-0.8753594437284808,0.5462428869745597,0.0
-0.6714902764492663,-0.6967868962266602,0.0
-0.7268427354000172,0.6109269143431761,0.0
1.055691770849992,0.29402840122851426,0.0
-0.853011559545502,0.49823804362588725,0.0
-0.7416178131606493,0.6537057936184307,0.0
0.036800554629759105,-0.9570781470620533,0.0
-0.48271451849313385,0.8411366787695372,0.0
0.8528645347029696,0.43793992151503314,0.0
0.6435869168157117,-0.7990266297934389,0.0
-0.5266301099018432,-0.8229828344948105,0.0
0.45017168734052526,0.28562882285381436,1.0
-0.053380330509859866,-1.0137576056486304,0.0
0.9907230833263512,0.17642728158591853,0.0
-0.17830458504511382,0.9723253290981175,0.0
0.4499451223114168,-0.3866245543301001,1.0
0.5432148604432964,-0.08429753344896002,1.0
-0.7563938700403253,-0.7252644306106037,0.0
0.2036951555081805,-0.48966087829633526,1.0
-0.15888947222477587,0.4708453265850488,1.0
-0.36580852357771276,0.3760510289318083,1.0
-0.7512281576883361,0.7198630296686309,0.0
0.4977029995908547,-0.02546875026918436,1.0
0.028661856826696336,0.4776687572838715,1.0
0.4144836795761082,0.24756817967737527,1.0
-1.0044305769536839,0.2936467514750443,0.0
-0.9899007351266027,-0.3570585136597808,0.0
0.432376280503251,-0.9411208414687056,0.0
-0.7554730981176112,-0.6558619309905535,0.0
-0.17549899428248666,-0.4869212382324104,1.0
0.1829406850065726,0.4711757072174353,1.0
-0.0014236555272943343,0.436060633248551,1.0
0.3364044891440068,0.39572720739555406,1.0
0.9803525767539057,0.24802970008461916,0.0
-0.2410656365644142,0.39685877774727496,1.0
-1.0118243524532664,-0.10779234861872056,0.0
-0.12564272298100665,0.4451432213261008,1.0
-0.3698269802778476,0.435359048819517,1.0
0.26950020970232164,-0.41194501167180103,1.0
-0.3468793049102105,-0.3836751306975884,1.0
-0.9945873701484877,0.02715627187746765,0.0
0.56001271124915,-0.7781997307757479,0.0
-0.6691295402298069,-0.6332999992189075,0.0
0.065253731570271,0.9795126391784307,0.0
0.09185876783748,-0.4654924858042349,1.0
0.38962846572306586,0.926069259413138,0.0
0.8046750264161304,-0.5439925487300685,0.0
-0.46988952528941014,0.20623470485570558,1.0
0.11646121627520094,-0.47034493571295366,1.0
-0.38171318296096945,-0.276994271242411,1.0
-0.6089122529212118,-0.7717759384684734,0.0
0.2327932126779443,-0.9984566123246483,0.0
0.20264225186966395,-0.48967885318577203,1.0
-0.38193610823014457,0.8683884429431901,0.0
-0.5857792636156836,0.8487686013296372,0.0
0.11012308703508203,-0.9782276674833317,0.0
-0.9082785599524931,-0.2864030968875125,0.0
0.9381252362687611,0.15810279751900247,0.0
0.7632046047401513,-0.5510773206310599,0.0
-0.45791601314496033,-0.3266922254615003,1.0
-1.0214637255994279,-0.2509840592977082,0.0
0.5121635784585864,-0.07259162098254322,1.0
-0.8943170508501236,-0.37033469017918613,0.0
0.7377229360012663,-0.5924836029310714,0.0
0.44096846700517023,0.1939095783623997,1.0
-0.8877542224344624,0.46847011123887533,0.0
0.8370569721393809,0.5951004711737546,0.0
-0.294558392102103,0.4669890281476667,1.0
0.224712875898498,0.3415179999444742,1.0
0.4998532286384022,-0.18289439838346438,1.0
0.825526093963246,-0.6833279937077452,0.0
-0.3438552695490774,-0.9404452108303633,0.0
0.7497139962568988,0.6684971967595396,0.0
0.27074847278246905,-0.9345989589767748,0.0
0.12335571980390231,-1.0509624437210143,0.0
0.9837517068900425,0.11018175532839926,0.0
-0.08796896046756658,-0.5095430570314556,1.0
0.40211262207779236,0.31772680648594204,1.0
-0.37938008417371594,-0.9033193462152304,0.0
0.13894808070919673,-0.48661398279085116,1.0
-0.9714292679627395,-0.30998800258028963,0.0
0.01722787432615651,0.9515534141003582,0.0
0.4152232161910471,-0.2702175378364268,1.0
0.34836244984771186,-0.969732359495843,0.0
0.23399323146510395,-0.5806822244077088,1.0
0.2771895799822624,-0.5262257434429304,1.0
-0.054812599267991785,0.5682203674952514,1.0
0.4499058199042446,0.3401301352170052,1.0
0.08979004171150143,0.9495699699229982,0.0
0.12859165536493491,1.0067700722748187,0.0
0.5488370751999032,0.11324525689608378,1.0
-0.3920058201679083,0.2630414770761186,1.0
-0.7453177158513558,0.6148687100716642,0.0
0.8188880862195597,0.5073348176525161,0.0
0.275536569091229,0.45733245012674567,1.0
0.830959679375571,-0.4165321676945316,0.0
0.867968714570632,-0.28190442067887433,0.0
-0.49971542298859173,0.045968478590476335,1.0
0.9670021482476643,-0.18957095467680543,0.0
-0.4214879574533522,-0.3541428561422114,1.0
-0.9000912104125023,0.4007248682078364,0.0
0.46161253008527475,0.34221284072956176,1.0
0.5055078805286148,-0.13268158079050613,1.0
0.6614552670884165,0.774652520311349,0.0
-0.5717478361668136,-0.8787473123782358,0.0
-0.0945870175549234,-0.5334915745704416,1.0
-0.07851709206109012,-0.9967568476670073,0.0
-0.36613927253610123,-0.29571202599346375,1.0
0.5711765308179085,-0.7706806299227921,0.0
-0.7843102529755019,0.743718831358388,0.0
0.19542244826250277,0.425856132253952,1.0
0.3959411402815392,-0.2313092916866345,1.0
0.5045353901004812,-0.22832076933927004,1.0
0.40215273664424794,-0.16007176132466563,1.0
0.4739195988224372,-0.8831134893595949,0.0
0.9360351325160305,0.1455693931497571,0.0
0.9062835617098164,-0.29239006712410975,0.0
0.8964819813199002,-0.4959501196291296,0.0
1.0005443442857618,-0.2897618209365178,0.0
0.9033204328872527,0.4440894805722456,0.0
-0.30977683675939044,-0.33255771205162754,1.0
0.1633377589773151,-0.4440319134589326,1.0
0.33474351151108406,-0.3545807538493696,1.0
-0.5073100483396448,-0.02591164625196802,1.0
-0.5530251180743906,0.8742265763101871,0.0
1.0334511425993405,0.12392141392104558,0.0
-0.3206717987776401,-0.9108405868454169,0.0
-0.18515916012826006,-0.4777445377344567,1.0
0.5186920115806487,-0.024493723242490426,1.0
0.04441526784664663,-0.5551793159489469,1.0
-0.45325376066224976,-0.15614967296390322,1.0
-0.27854468759521445,-0.9350020472269582,0.0
-0.581625658788962,-0.15235047392378331,1.0
0.9695104375074795,-0.23231522820689618,0.0
-0.3882632454683917,-0.4142467573638141,1.0
0.34967480596424594,0.8546565838990524,0.0
-0.2802455423428671,0.9897321094293965,0.0
0.9244735598973051,-0.13292044487206872,0.0
0.2794651910929552,-0.4678514204299218,1.0
-0.8192227709487512,-0.608494500991709,0.0
-0.8359921861089803,-0.4384029729293745,0.0
-0.050817200042720584,-0.44259275150448607,1.0
0.9874807059248738,0.1565783040449974,0.0
0.2156600339965819,1.03379039794452,0.0
-0.352213141209762,-0.31158034960032466,1.0
0.0775475249974992,0.9908327687029832,0.0
0.14432774555141553,0.4716406031298449,1.0
0.6631890298588231,0.7094841218650662,0.0
-0.5571315007205813,-0.912127808204991,0.0
-0.24878153392428534,0.43702142549450584,1.0
-0.532752384794545,-0.09608832127420383,1.0
0.6111057411850939,0.7420128838105849,0.0
0.8750573684989216,-0.38407088021730396,0.0
0.8564405224738476,-0.38884313046859287,0.0
0.5587963873992688,0.10453815966972616,1.0
1.059186001778373,0.29223014409866277,0.0
-0.9520186512603258,0.2859201357835267,0.0
0.5274786875674619,0.01714404696001298,1.0
0.10833625844402896,-0.9122262272032785,0.0
0.43449863083774903,0.25780108858496137,1.0
0.16150055851209577,0.4945662755535234,1.0
-0.39637842373232907,0.15574244273565926,1.0
-0.37180913013030686,-0.25831955867988865,1.0
0.3998124696832797,-0.39572491775788843,1.0
-0.8821710430197452,0.4008324145678341,0.0
0.5057997190442106,0.15092908161828758,1.0
0.4541190151484263,0.9585522765210645,0.0
0.8314915518973447,0.5599118912800448,0.0
0.57109069870986,0.8577938940037808,0.0
-0.46011869829449065,-0.8138140523095099,0.0
-0.2285794915942286,-1.0206254627593954,0.0
-0.8840391722656241,-0.47309288806426764,0.0
-0.4906670800991044,0.2660422944895965,1.0
-0.3138753286617061,-0.4755359063369732,1.0
-0.5298677082017242,-0.10574410929310489,1.0
-0.16483480415246088,0.6682277582347427,1.0
0.5056813284278221,-0.8435063940229861,0.0
0.18459726152434272,-0.3851257731428738,1.0
-0.9912012817578714,0.23368704567233323,0.0
-0.242243022499194,-0.33879871339074247,1.0
-0.4192664597799166,-0.8485100992453912,0.0
0.09608389757969868,0.47599250206587834,1.0
-0.56760391433694,0.8351872618498054,0.0
-0.483634741909046,0.25786220274840876,1.0
0.4378426725385995,-0.06650921276173488,1.0
1.0160335509180962,0.034678026223922256,0.0
0.10129622005026254,-0.4722307018510588,1.0
0.03514605365300181,-0.5241250773472353,1.0
0.9235741184736351,0.11414601102235865,0.0
0.15792892237662126,-0.5006651518490263,1.0
0.517787993985289,-0.012033467793803924,1.0
-0.48389443732831056,-0.0819670838440302,1.0
-0.729374680673463,0.6973424939174169,0.0
-0.517239059541164,-0.07446817711047639,1.0
0.27639069621045304,1.0524104284148166,0.0
-0.7346083650157267,0.6236865118622965,0.0
-0.47530061750986047,0.15016134905119785,1.0
-0.8195219634757347,-0.5895563156173181,0.0
0.40376117568257675,0.26031523535321466,1.0
0.2662272669630731,0.35057485041613184,1.0
-0.4825639249416404,-0.31910977955574327,1.0
-0.19779969004019715,0.3752213900906992,1.0
0.5324476644992128,0.11000461606444473,1.0
-0.8273390210868173,-0.5428584457603364,0.0
0.39693699947473327,-0.2549085083139086,1.0
0.889745055272828,0.5008421649141847,0.0
0.16860290892656646,0.4672721048435459,1.0
-0.3488091341797245,-0.3515459207039081,1.0
-0.4541359053823164,-0.8343846850142234,0.0
-0.3976671440971955,0.3505101755916332,1.0
0.16410564205212283,-1.0124486546121048,0.0
-0.20189071765578892,0.39932635257729443,1.0
-0.10050792919229211,-0.4737647108029883,1.0
-0.3284017303609991,0.35705711956080083,1.0
-0.39787427293133343,0.8978096912438575,0.0
-0.4877787712899126,-0.10684152401517752,1.0
-0.25676194101072763,0.5041517414827716,1.0
-0.8224932659170521,0.48272781481887317,0.0
0.8882115844686151,-0.31659237545355545,0.0
-0.10972362939148632,0.4840810268761637,1.0
0.8921853069073066,0.09534471765441528,0.0
-0.19161308826146392,-0.9951074929745265,0.0
0.7483722942979041,0.5494815449429559,0.0
0.9553615623784989,0.059900175062578206,0.0
0.4659159367946864,0.13826178081704713,1.0
0.8338677198445571,-0.5042472878399351,0.0
0.29536779490934795,0.2909755531549813,1.0
0.18640738594061954,0.46495308327594176,1.0
0.5199348057714039,0.8810387201729495,0.0
-0.1619906895869396,0.9902267858829384,0.0
0.3123130389576255,-0.36283388129333755,1.0
0.2963892962476683,1.000700732815041,0.0
-0.06514134983348904,0.5088526261990757,1.0
-0.000965160753089717,-1.0034065981155451,0.0
0.5548001445473069,-0.06251852879344029,1.0
-1.016913552134224,0.2988341700827861,0.0
-0.264708943848692,1.0156021720194026,0.0
-0.40325042539009054,0.30689753878301834,1.0
0.0551219545373489,0.4292532130078103,1.0
-0.5174557563467527,0.8807269955077847,0.0
-0.42941220904602473,-0.9031641770291446,0.0
0.5065759084655191,0.8362438074771091,0.0
0.5461081691582076,0.8404837344647046,0.0
0.7645311292406212,-0.5816662527875811,0.0
-0.7347090261278848,-0.8087446506130761,0.0
0.2060367037063826,0.5018360031805023,1.0
0.5027016740967979,0.07171234947225344,1.0
0.3819019178789636,0.30613023654357097,1.0
-0.8188626738534786,-0.5437573213285158,0.0
0.5146092455566857,-0.19352759488814966,1.0
-0.4612643235281229,0.16299414486703692,1.0
0.5117498551001864,-0.15511630020385825,1.0
0.47274777586778277,0.9158016443486245,0.0
0.3949700585805541,0.27780073258617166,1.0
0.9202138245106306,-0.05213797168201196,0.0
0.5111010566353655,-0.05959340091791038,1.0
0.12584412050545005,0.5051432566765915,1.0
-0.9688709632874649,0.10119711000968637,0.0
0.4340594120205256,-0.024508290487451952,1.0
0.45863842553585793,0.2667749004385438,1.0
0.2869905607631849,-0.33802525561438634,1.0
-0.19913914653412443,-0.464450441159082,1.0
-0.9323015095781142,0.2602531391978008,0.0
-0.199774706382928,-0.46322365213583494,1.0
0.5513975296190379,0.8885475793669156,0.0
0.31265326602708193,1.005278123949084,0.0
-0.2907049976266454,-0.3890318231958079,1.0
-0.5194405869698576,-0.10717597739092796,1.0
0.7481533519150504,0.6391488059026236,0.0
-0.9384204201386117,-0.21296006494122374,0.0
0.9122818481036398,0.3734420406699724,0.0
-0.08220527852052993,0.4841291313522034,1.0
0.25262631771466726,0.4498222215591967,1.0
0.9882607731410751,-0.37476831747925504,0.0
0.3397391170025387,0.9170540190963063,0.0
0.06016368706026565,0.42499918706416095,1.0
-0.3374755723411276,0.33690606003897394,1.0
0.3527705424882401,-1.0055746298942063,0.0
0.8617134071597297,0.3657685009758864,0.0
-0.27840403852295115,-0.404863289683307,1.0
-0.6613716615195157,0.6631837966968008,0.0
-0.4231527204954345,-0.30917506578101317,1.0
-0.44446695044298107,0.16491472098269844,1.0
0.31600828810070675,-0.44207136933974284,1.0
0.5795805978804107,0.7435127763878411,0.0
0.3843181938914765,-0.37158637240630077,1.0
-0.9830683415469936,-0.42491554737374876,0.0
-0.18154610742341948,0.5003117417863117,1.0
0.20748555646482086,0.9074608151128047,0.0
-0.6695258182702911,-0.6067954694061272,0.0
-0.9354594888292892,-0.11634627595697829,0.0
-0.4248244707088962,0.21603720104393612,1.0
0.06497377394803028,0.4631215623777241,1.0
-0.29464489291548346,-0.9674326691799828,0.0
-0.443195380550881,0.18958038356265233,1.0
-0.06541467163186235,-0.5086931367940042,1.0
0.3007231558712727,0.3766736650927618,1.0
0.6564307261437692,0.5823282407043802,0.0
-0.3914351247439607,0.9667568571464836,0.0
-0.4094715403011952,0.8263435941595356,0.0
0.18801770526834666,0.39398685679619977,1.0
0.0874946017931166,0.5852508124033516,1.0
-0.4357464370818511,0.06441360107295789,1.0
-0.4178257968752622,-1.0134899863515732,0.0
0.5018778108613707,-0.032483436303523835,1.0
-0.9975283295098508,0.3237442013714432,0.0
0.2417831150886101,-0.44503180480386834,1.0
0.807833457614757,0.3667834528689066,0.0
0.7995038214743764,0.5105349439435466,0.0
-0.39787127044561127,-0.26873263016360466,1.0
0.5417063676792253,0.16516720402584337,1.0
0.002588538786037105,-0.5652320237843143,1.0
0.538789506709003,-0.058724712828021546,1.0
0.1293494387774439,-1.0693729326279902,0.0
0.4702177771943366,-0.02302716418099304,1.0
0.7146188610862455,0.7209680695360927,0.0
-0.5844736560260684,0.08946713218782756,1.0
-0.39767634443931643,0.23359863941737238,1.0
0.9170895949943042,-0.4400552303957154,0.0
0.8262719454437238,0.45591503785706317,0.0
-0.8318984345087399,-0.6663217628814007,0.0
0.6839022268739516,0.7953589945529828,0.0
-0.1872355564457217,-1.0787821980229895,0.0
0.22320916875693014,-0.29877061074662314,1.0
-0.39758391090251477,0.2139319475503187,1.0
0.5238089205113485,-0.19213569222121282,1.0
0.9583827790875319,-0.1168068021190974,0.0
-0.33566676838367904,-0.540103251508175,1.0
0.4631833676321469,-0.9350772268170129,0.0
0.6783989424189778,-0.7299648315349406,0.0
-0.7991072852803093,0.5031202039290342,0.0
-0.04393773781809829,-0.9624739979693265,0.0
-0.3016397901211445,-0.41627431656246816,1.0
-0.8915370469995803,-0.43576869320468165,0.0
-0.40829389573885655,0.881819709333748,0.0
0.510382880070542,0.889874142783921,0.0
0.8141305306326737,0.6538050114375175,0.0
0.45834640224636003,-0.17504804151615702,1.0
-0.4492368820413586,0.035606597191467304,1.0
0.3955685454999848,0.3551149978910632,1.0
0.188692083027667,0.9688678680971321,0.0
0.5227077041089921,0.3580383729222871,1.0
0.48645675965491103,-0.10402743176673745,1.0
-0.088413552524784,-0.9997997244844316,0.0
0.27135936262735877,-0.5220002239056555,1.0
-0.49193740174559625,-0.16744813449701068,1.0
-0.48713680903571216,-0.12866034636893275,1.0
-0.3908959530961382,0.2883501985329545,1.0
0.19663588221643266,0.9928157155429759,0.0
-0.8265225150820054,-0.3477586448015192,0.0
-0.16217004067454927,-0.453052699932742,1.0
0.4376934861097571,0.032857734875602555,1.0
-0.26080593819103187,0.8907181246865568,0.0
0.7430622184215329,0.6912333327929105,0.0
0.09242910019971808,-0.5302169252823505,1.0
-0.9422433593748415,0.09049171104521485,0.0
0.6399577877649136,0.8238729623962536,0.0
-0.8653801583328505,0.33550419656151964,0.0
0.3239394897163851,0.41596010042918,1.0
0.9487518800485517,0.273665089549523,0.0
-0.6023996654923309,-0.8255138502504192,0.0
0.3394148370513331,-0.9059238706662357,0.0
-1.0890850076881202,-0.020923967402087375,0.0
0.27317303245471247,0.5717191212120554,1.0
-0.4873491638703179,-0.2660245354134401,1.0
-0.984715738848961,-0.19336544335301548,0.0
0.7946786133441218,-0.5268187247407811,0.0
-0.13874271738885188,-1.0305122475421862,0.0
-1.0582662254671826,-0.18221917822542888,0.0
-0.41304803490381586,-0.29345516252737514,1.0
-1.0053187788828535,0.16661148356592081,0.0
0.9669455198061895,-0.14192862257192906,0.0
0.3000773581006256,-0.32249255825705087,1.0
-0.39236171643356654,0.3475476104111755,1.0
0.12307684820321108,0.5529158597467616,1.0
0.22688291491475968,-0.3544230448780747,1.0
-0.897088924975606,-0.021927111936638724,0.0
0.22335842409536247,-0.2999957369626405,1.0
-0.8036676707991113,-0.5570068812601848,0.0
-0.5028251423024618,-0.8238237609854341,0.0
-0.02713700963308557,-1.1284049950371469,0.0
0.21982383994633975,-0.4276968707670579,1.0
0.713059944186751,-0.7142362177779666,0.0
-0.5043817798460352,0.003675617365097668,1.0
0.23950537376259073,0.9621474687279734,0.0
0.5682521376697862,0.10493573106103604,1.0
0.3960443528541186,-0.23666520784893735,1.0
-0.7041625640721925,-0.6747827419335436,0.0
0.7494936924329332,-0.6689633732838332,0.0
-0.9835978625399201,-0.1478528502365514,0.0
-0.1753311004160815,-0.45458057658086026,1.0
-0.3880141879430892,0.35888840615852313,1.0
-0.4877960514479439,0.8550022544919277,0.0
0.27557646995536883,0.3801699690307807,1.0
-0.48679202775800884,0.015394526910744454,1.0
-0.42096383769062556,-0.2570716658850818,1.0
-0.17401151484222563,0.5187243492918382,1.0
0.575191276336487,0.8283724702072512,0.0
-0.23585189168169154,-0.970848741546127,0.0
-0.5991211057212833,0.6601667529201776,0.0
0.7378344203143251,-0.6511878787976575,0.0
0.42324126191099193,0.22767573367328864,1.0
-0.5403320440195518,-0.048765178846398916,1.0
-0.6242219685519108,0.8191072432714034,0.0
0.3041188610332419,-0.45323669109984194,1.0
-0.7922409765300717,0.6969690349550116,0.0
-0.06883527865312068,0.49632467539668396,1.0
-0.12806671333105188,-0.5045228222540634,1.0
0.42671822934466364,-0.2891170395705714,1.0
-0.36441503021501936,0.297056506202919,1.0
-0.4565723066617142,0.2680278636562487,1.0
0.4273959985234905,-0.29889851089312525,1.0
0.8087953577496051,-0.6815404029388635,0.0
-0.14104625144651667,-1.0400950393337163,0.0
-1.00836094484563,0.22525527568638853,0.0
0.5242456629843261,-0.19719346841618762,1.0
-0.11233446425892157,1.0513244429366009,0.0
0.1022987073131617,-0.4131537691870434,1.0
0.48222003136020675,0.060985748673422484,1.0
0.36741890971304375,-1.0042049432810625,0.0
-0.7730420777489142,-0.6813664197786635,0.0
-0.5379136631458764,-0.8937621586134996,0.0
-0.2733352094081001,0.3644424176820764,1.0
0.269134471131949,0.44834767549103416,1.0
0.15760171197896844,0.48873417197447555,1.0
-0.38161587544528947,-0.2942262287136818,1.0
0.4694338932313621,-0.1028660512866778,1.0
-0.0020782805802356183,0.9150095334272893,0.0
0.04505310042753807,0.45376078456248065,1.0
0.5182569430968554,0.04016559537734445,1.0
0.3631043458362915,0.9598402400381618,0.0
0.8715181613156895,0.4005224589184626,0.0
-0.4668512018747452,-0.8925279884274919,0.0
0.49066395001263124,-0.8961817577254481,0.0
0.42215006830716595,-0.7629770128369853,0.0
0.4403447384765033,-0.1643222972628301,1.0
-1.0030025050697582,-0.23090429872932572,0.0
-0.7516465380100599,-0.6754738436074547,0.0
0.47209002182104504,0.11559944967627346,1.0
0.08113598705719875,0.5939297710343112,1.0
0.13382966891844852,0.5054242870313523,1.0
0.9414964408787975,-0.29054711782892184,0.0
0.9646527323780671,0.07883186282770435,0.0
-0.004151839389821322,-0.9416078117806471,0.0
0.546707972234311,-0.7546371385618283,0.0
-0.5578584418286702,-0.8172365710194448,0.0
0.10226270169311749,0.44052905778115353,1.0
0.7284345893197126,-0.5746719285321435,0.0
-0.11182157835594543,0.5057575916182309,1.0
0.5624654853760755,-0.8010036099057076,0.0
0.372039321283407,-0.32591148885816235,1.0
0.040155860158116244,0.9122752160379868,0.0
0.32769372174932143,0.927103498819352,0.0
-0.1670797463032343,1.0010828981745992,0.0
-0.975733834025392,-0.1976296483475387,0.0
1.0164827308582671,-0.2666317737668055,0.0
-0.8955020727040504,0.3243232435671948,0.0
1.0267735939039542,0.13669165375357192,0.0
0.0313438741000181,-0.4473274295727323,1.0
0.5568872566795806,0.7003143966925613,0.0
0.4920941683590696,-0.20113562399827706,1.0
0.39077203731409843,-0.39793140395426807,1.0
-0.311955825974933,-0.9101841801476777,0.0
-0.4922646406970376,0.0349639270500705,1.0
0.2357198161454368,0.46660281288577293,1.0
0.1845675096095446,-0.48042298551238544,1.0
-0.37039969348750024,-0.29103075127847433,1.0
-0.48717257642054285,-0.2839036853547289,1.0
1.0177988220279715,-0.3058416638052871,0.0
-0.07059605190001282,0.4498296101680575,1.0
0.8482155581270586,-0.6075404068343978,0.0
-0.8855832980668142,0.465965945878437,0.0
0.4483241625056068,0.2293021947802777,1.0
-0.4716516324261692,0.05007708828015864,1.0
0.2133745250556639,-0.4495111833752372,1.0
0.8364822660709639,0.6380492190239889,0.0
0.5386814721545236,0.9226706962773804,0.0
0.4622531627508181,-0.1382845947526412,1.0
1.0426901101356354,0.14107383629625075,0.0
-1.0849565838089372,-0.06347432657706928,0.0
0.212140005059407,0.47001852647382825,1.0
0.9631878728223764,0.31954014951618737,0.0
0.37303965107318215,-0.288531402587707,1.0
0.7175809993677301,-0.7467746918463787,0.0
0.1508360838939868,-0.35092063666935713,1.0
-0.43480527164670035,-0.0431028139820528,1.0
-0.9520996228722715,0.05071807383526905,0.0
0.7537685730735897,0.6301627582663225,0.0
-0.029275432670224366,0.881925842491281,0.0
-0.5403514813587621,0.0553464747658538,1.0
0.2884072406972951,-0.9513807351955603,0.0
0.5137344345572133,-0.004067607883961641,1.0
0.1018906400271099,0.9536126597002429,0.0
-1.0193477775130373,-0.19522587079946296,0.0
0.22157282924034127,-0.4021873069102607,1.0
0.4345443630190718,-0.9140908971911426,0.0
0.5424533095953689,-0.08560626528666851,1.0
-0.3179767904979053,-0.9786768739246432,0.0
0.07852763095131643,-0.9947011567887215,0.0
0.3191256314877257,-0.33561322486433864,1.0
0.332952208448584,-0.9743169458580616,0.0
-0.1350070972689717,-0.462180083285634,1.0
-0.46729780774683993,0.23127005159679306,1.0
0.9764643899841058,-0.18740789080932166,0.0
-0.49236266657589933,-0.29941559551405916,1.0
0.28570512939253173,-0.3653128628770918,1.0
-0.7014804164770748,0.7271570807005823,0.0
-0.1784904896068707,0.41655713734512884,1.0
-0.7010349131922187,-0.7000110858812643,0.0
-0.4639083842249278,0.22204326175748385,1.0
-0.21950535328399381,0.40602168882758494,1.0
-0.06706751117288615,1.0330137770317662,0.0
0.17763478497947305,-0.40806279585554567,1.0
-0.6525924914957857,-0.7441280654089489,0.0
0.57525667082891,-0.7971188433148617,0.0
-0.5259774514508134,0.006352858467809221,1.0
-0.5104634013285254,0.05014893959683733,1.0
0.4178283454601934,-0.34706205422354003,1.0
-0.33874811910247715,-0.3899084168089825,1.0
-0.38732249582686545,0.32567926084166354,1.0
-0.4150588667022854,-0.9198144167851696,0.0
0.9402767258701707,0.30478651706858684,0.0
0.49753347411348153,0.10356026156319571,1.0
-1.0583073278948296,-0.11623738773500644,0.0
-0.923805743918009,0.43349857709472694,0.0
-0.2436848068465544,0.42011860480650226,1.0
-0.251349922361879,0.4563165237859642,1.0
-0.3195576741086229,0.38018786564110824,1.0
-0.9650159330747364,0.43424679537093624,0.0
-0.4900964170631068,-0.14317810582761628,1.0
-0.2739128749757304,-0.4953770014996826,1.0
-0.4517692563485282,0.9418316766083283,0.0
-0.9280217082659633,0.45627175256600605,0.0
-0.4823421025551413,0.17059995612307907,1.0
-0.45484302903593105,-0.27939662829311873,1.0
-0.48895208317399613,0.08453353546304056,1.0
-0.6830867454135214,0.7605289489195813,0.0
-0.28678956195550226,1.0060717707190776,0.0
-0.8248986489530756,0.568605485681359,0.0
-0.522038784367272,0.029634360857190366,1.0
0.4395291548591783,-0.9566394936179021,0.0
0.9423639198702013,-0.27946462966607166,0.0
-0.30478658355926813,0.38683442929723905,1.0
-0.0447659645087341,0.5505899168466365,1.0
-0.4152037191140899,0.29797088231337854,1.0
0.47879561015598515,0.13753016380741936,1.0
0.08907843533523063,-0.5617013388175887,1.0
-0.47617141159146353,0.901762719578411,0.0
-0.043454219842774984,0.5688237260276933,1.0
-0.36546786702818523,-0.9773069359672646,0.0
-0.01344819262108832,-0.975655829353301,0.0
0.4752919213155889,0.05464349353660346,1.0
-0.6532910156692298,-0.7825431783187988,0.0
0.6165411582232742,0.800159711866233,0.0
0.5362453521002464,-0.8261284673391006,0.0
-0.4898406846766332,-0.14012626508149723,1.0
-0.3898752231406675,-0.32093601940563615,1.0
-0.44148332189359496,-0.07929315203415252,1.0
0.29818125153353847,0.47563501310862394,1.0
0.2810970320624525,-0.4608092101793728,1.0
0.2781013164400456,0.3497716515552754,1.0
0.017902140216094452,0.4613396752618626,1.0
0.43530880522729604,0.4299605315955718,1.0
-0.30988483002687384,-0.4420434733141868,1.0
0.21198257976753676,-0.442513297235297,1.0
-0.4657237228481982,0.169671837189926,1.0
-0.34220124374090544,-0.2583033952467359,1.0
0.8038571585678025,0.5740118214834916,0.0
-0.4449803629784341,0.1749176013091575,1.0
0.23386128077604132,0.5107553664697964,1.0
-0.5831385253203639,0.8470032704106688,0.0
-0.6753260668505459,0.7554212093116582,0.0
-0.12743925626401867,-0.9844700327450054,0.0
-0.3697252330621394,0.33940378719922604,1.0
-0.2957664683615177,0.44254053398567544,1.0
-0.4269190616827264,0.18368918422987124,1.0
0.7396660127149162,0.7267622719253062,0.0
0.9181832302687728,-0.426734498927439,0.0
-0.07323688525879732,-0.5456250487525732,1.0
-0.5010221626175646,-0.07570052477143346,1.0
-0.30203061326906233,0.40755050144091165,1.0
0.6743079440413191,0.7405893720637424,0.0
-0.52877260446721,0.8172645048443904,0.0
0.6376932151452335,-0.7084507887742896,0.0
-0.5562522086923913,-0.004371310883291145,1.0
0.33544140604883743,-0.9912716947921723,0.0
0.40934552301065047,-0.21543120676931693,1.0
-0.7285249679194559,0.7755913308199786,0.0
0.21240589070096486,-0.9191709697099243,0.0
-0.47133402888356457,0.019681210249435303,1.0
0.08874142028088017,-1.0248937750561387,0.0
-0.0710212346862681,1.0688681350340896,0.0
0.7938991754794077,0.4675079200435097,0.0
0.9616005331702722,0.17024844519537913,0.0
0.8727022913196727,-0.3955011668385068,0.0
-0.3356703615990416,0.9432088316887158,0.0
-0.05780926831789146,0.5008433486433295,1.0
-0.13762412969873722,-0.9851046071771365,0.0
-0.917250037723247,-0.052872824082576306,0.0
-0.8394418388209359,-0.668525579442119,0.0
-0.26627578354354675,0.9556642220417342,0.0
-1.000582771924672,-0.06652305349679645,0.0
0.32125507247812624,0.3309940865723202,1.0
0.42301562683555205,0.9620672295572512,0.0
-0.3280734410255346,-0.4289718295553605,1.0
0.9848457116935105,-0.24351944325031524,0.0
-0.11934328340596308,-1.0757680293357654,0.0
-0.29266029488531287,-0.4174818932078914,1.0
-0.4689592822842828,0.8305192682337542,0.0
0.2815866344799345,0.5017182160868252,1.0
-0.6839432693940345,0.5698187389370567,0.0
0.17711770633640295,-0.4415232122314325,1.0
-1.0499387800213689,0.007901323395818628,0.0
-0.3493391749515545,-0.46351969147629846,1.0
-0.056772577912932595,-0.4309765961323251,1.0
0.23165593086855785,0.44411051841162597,1.0
-0.4518407442091179,-0.8936624316563291,0.0
0.35025651709715705,0.3091440793798149,1.0
-1.0077603766574894,-0.0031264481674690876,0.0
0.5205739995916915,0.011310713465781351,1.0
0.248037725638928,0.37125792886274206,1.0
0.9099863647241824,0.31582411603276506,0.0
0.1028654314078371,-0.5937094453399807,1.0
-0.4170027574642018,0.8886653037123007,0.0
0.28869314754866277,-0.4313600544522123,1.0
0.29901434437279795,0.45948436245373103,1.0
-0.8501822390262094,-0.6021592519258289,0.0
0.31421357388574384,0.40822308551582254,1.0
-0.26985469258009603,0.4770923551082507,1.0
0.3450595942274782,-0.21779324614135434,1.0
-0.34096444475471277,0.299688905395809,1.0
-0.9774477898957711,0.5225276803269421,0.0
0.9123811475243061,0.3379898629500138,0.0
-0.2010334775548981,-0.9169730145859281,0.0
0.9569689397074512,-0.2343279037409613,0.0
0.09566804111632399,-0.47778266010415393,1.0
-0.8001228468311014,0.5619329282825092,0.0
-0.18831872445721054,0.5070350702317848,1.0
-0.49496802705505916,-0.1301090180788715,1.0
0.8982866164413881,-0.04425943621752447,0.0
-0.8709788076220637,-0.5306139901772805,0.0
-0.29904826171366344,-0.35189664234064166,1.0
-0.9206777020699467,-0.35063965579289685,0.0
-0.4915092640525072,-0.8714328989571795,0.0
-0.018671207989100463,0.4551064255237566,1.0
-0.5059971134851647,-0.12097544314962325,1.0
0.24741815494275954,0.22116840688870149,1.0
-0.05219054923750444,-0.49278958542579926,1.0
-0.49257008621258813,0.17702667126390081,1.0
0.2553789886851215,-0.44517921384767983,1.0
0.4360244240979439,0.017461686721274475,1.0
-0.482004456681019,-0.7808375100761868,0.0
-0.08704499436130624,0.4705190796263061,1.0
-0.13147500319735694,-0.47448658748170647,1.0
0.09081075967182431,-0.5857320107572495,1.0
0.6505290054150108,0.7537937779734869,0.0
-0.4727623686060188,-0.07613662891052655,1.0
0.07289125296194277,0.5245504659162477,1.0
-0.9081901670031717,-0.47564306260471967,0.0
-0.2041600651066997,-0.4939871759126795,1.0
-0.4681352180622064,-0.22445285165998474,1.0
-0.5859077574441504,-0.7423864557672435,0.0
0.687768480300444,-0.7793608597932538,0.0
-0.2695531002186223,-1.0290708637284547,0.0
0.36224126635042875,-0.3588473170338669,1.0
-0.06457955638199044,0.47046285492765466,1.0
0.41295844482792127,0.33354427616407706,1.0
0.3958484868440399,0.3013136656903727,1.0
0.06517770970765295,-0.44101074548827834,1.0
-0.347072804512506,0.9878010869761182,0.0
0.03944488845697244,1.0087698706636268,0.0
-0.0647423180249645,0.5508839105293077,1.0
-0.6726984667064281,-0.8405477264011647,0.0
-0.19476121310214412,-0.5069062799299004,1.0
0.0396898964751844,-0.5725361562049045,1.0
0.3667495829189367,-0.07723070968583506,1.0
0.01644553261288826,0.8878449641199619,0.0
-0.15869232157206264,0.46686807360098936,1.0
-0.37054778774542496,0.4491271819464361,1.0
-0.43334036655388597,-0.24832149872901857,1.0
-0.3429746097209849,-0.4850234747266423,1.0
-0.32952651380037923,-0.36855706164137053,1.0
-1.1257802873918061,0.02823963674506835,0.0
-0.9534312261394465,0.29963864947046415,0.0
-0.29674135574507277,0.8345012588698988,0.0
-0.5366713533025317,-0.14212446791806976,1.0
-0.2506839248339245,0.42235909887193573,1.0
0.7831424245825735,-0.6403538047926254,0.0
0.03132334794710252,0.5321962809294165,1.0
-0.01298853803589383,0.9959900929469789,0.0
0.45471502263652946,0.988033717302108,0.0
-0.7786557846354181,0.5057851478340432,0.0
-0.4025760765652693,-0.22759971758803468,1.0
-0.48469926770892807,-0.061824102920558524,1.0
-0.32643889479885113,0.33047707382170505,1.0
-0.08394779547138441,0.5480841563648678,1.0
0.47198384643125235,-0.9676670405099298,0.0
0.34546731726842644,0.39944642640128475,1.0
-0.5644038226204835,0.7377060857867411,0.0
0.6014188119250605,-0.8700728890524525,0.0
-0.7491650498088226,-0.5494946235913809,0.0
0.29091674647434373,-0.8260694828998355,0.0
-0.8580722015310315,-0.6012667268366214,0.0
0.5271428076648266,0.16424507218969617,1.0
-0.298701190099223,-0.9869072854410965,0.0
0.45306270275667637,-0.09993259052413771,1.0
-0.6091982941017289,-0.8785082945703323,0.0
-0.17501008054762396,0.5040513705476315,1.0
-0.6756121416734848,0.8628615937332272,0.0
0.4595113349611221,-0.14602323090737632,1.0
-0.25998594367407396,-0.369498985757443,1.0
0.40601038034143055,0.2665642661248639,1.0
-0.41377257951831786,0.8499937925953736,0.0
0.9793873570098048,-0.01600172347432125,0.0
-0.04037908096094868,1.0130297903157148,0.0
0.963321020977871,0.2484696837871834,0.0
-0.15635990198404742,0.456720268639435,1.0
0.2008794389738203,0.48731020667939645,1.0
-0.043245944072462406,-0.529086333850671,1.0
-0.9008804153384709,-0.3496247785527472,0.0
-0.8068537781938125,0.522305790494275,0.0
1.0128222810204106,0.12461272906812032,0.0
-0.1572811921372291,0.9734037957981384,0.0
-0.21647573293201774,-0.36306482862468725,1.0
0.9125387267005194,0.47170972015397994,0.0
-0.10033798711444289,0.4199554017350202,1.0
0.31011089485938675,-0.3169237284778649,1.0
0.4292721966695171,0.1016940891833302,1.0
0.5056017193785206,0.1117949092580743,1.0
0.9053730305190847,-0.1298304499593696,0.0
-0.2133920206610565,0.42952617998962744,1.0
0.3970140630795296,0.8274353027123965,0.0
0.405278051451741,-0.04054372532881511,1.0
-0.2128245462459702,-0.46355349902745624,1.0
-0.34866477155525344,-0.8781700403133648,0.0
0.2468065188447141,-0.3347044696071762,1.0
-0.5284416111661137,0.19779727488073567,1.0
-0.9049497862576104,0.5963816350396447,0.0
0.201213707432324,-0.4595425097584033,1.0
0.8065035596506682,0.6489901171103032,0.0
-0.4404232583471508,0.15667467574555433,1.0
0.21013036538457963,0.9983783691458299,0.0
-0.8855729108018101,0.3996529935963839,0.0
0.6200381618558101,0.8169618678083053,0.0
-0.8605357324246276,-0.35758232172574445,0.0
0.43116096270637966,0.3119180503836044,1.0
0.875941912721002,-0.4479655615016282,0.0
0.3020069434890164,-0.9614912278998264,0.0
-0.2698278362700654,-0.9464291009983965,0.0
0.4751804246502861,-0.289161090411538,1.0
0.6669552941618534,0.9231488115617122,0.0
-0.6129331973079516,0.8192425893524251,0.0
0.5831553508749029,-0.8779689557136318,0.0
-1.0868535615569161,0.0798593702870719,0.0
-0.5200832211235797,0.1962137900641896,1.0
0.597726564811556,-0.7886350795830983,0.0
0.2775980882478853,-1.0527237187980945,0.0
-0.045203991639500916,0.9912879790444369,0.0
-0.4037450560154232,-0.20932465058061706,1.0
0.43451664770550835,0.3852690809161069,1.0
-0.5388314839420365,0.7859426839395994,0.0
0.10584932208936633,-0.5030839218141363,1.0
-0.9243302234492623,-0.40083607135815424,0.0
0.9992469935347228,0.024622939634272936,0.0
0.4931756229457476,-0.00358034417141017,1.0
0.21428142670036276,-1.011248594523446,0.0
0.022297414505610194,0.5794999529594357,1.0
0.40289688915159927,-0.06011023031231244,1.0
0.17040688822367614,0.9619010538316282,0.0
-0.3025629440206302,0.3259989030939836,1.0
0.8194577588780038,-0.7004297791186345,0.0
-0.9589400726499926,0.15458248949384545,0.0
0.4316284354313771,0.8890511637162954,0.0
-0.3720525674200093,0.9431488695819948,0.0
-0.986790327147165,-0.27382283766706217,0.0
0.2877405531869741,0.9981630042652302,0.0
-0.23211975221031342,1.0314882159387644,0.0
0.03516328587806314,0.4402305044489379,1.0
0.31433609484554315,0.1977422533451892,1.0
-0.42868911639995116,-0.23954698290482673,1.0
-0.907511361506788,0.1767541044137572,0.0
0.2679050209922192,0.44549590801361566,1.0
0.054877870645529084,-0.9945326175369972,0.0
-0.5697155070622314,-0.8008714924139617,0.0
0.14361467658666627,0.5316595035730947,1.0
0.9234154965240705,0.025113664908820756,0.0
-0.17155230071470373,-1.0093280968801515,0.0
0.055368653129289964,-0.9019869435676897,0.0
-0.5237125048119066,0.21831777121954,1.0
0.5246849771707172,-0.8078909590388172,0.0
0.4346511438551322,0.16246882900618345,1.0
-0.45989321711485265,-0.09517192462472226,1.0
0.13196944045344636,-0.47851020101896774,1.0
-0.16727192429276477,0.3673998691358383,1.0
-0.4842357945709395,0.016416092739051445,1.0
-0.9278938740224972,-0.06683591236370322,0.0
0.06583644324144475,0.4692109080941466,1.0
-0.522009781295876,-0.20220009025182034,1.0
-0.7801821142829996,-0.35954087585383293,0.0
0.3213889087900236,-0.38281504009819195,1.0
-0.8094845203387742,0.6000010935172476,0.0
0.6759853103679896,-0.7492115707699443,0.0
-0.0748719422831231,-0.551993814943916,1.0
-0.7814202297093934,0.7012736119182199,0.0
-1.016764280273268,0.12136738022759472,0.0
-0.6054026137295977,-0.8472544677775445,0.0
0.03125850296272666,-0.5136285980381179,1.0
0.46746524501035924,-0.26539587523968755,1.0
0.10577594482512495,-0.569192348072731,1.0
0.95195544742899,-0.12301167794163684,0.0
0.5331225391046914,0.038834651448733964,1.0
-0.0476102240774035,-1.0130165623557372,0.0
-0.6854339179838859,0.8340097581650915,0.0
0.48538094569936846,-0.23857138141562542,1.0
0.37496576383601715,0.12427808796530218,1.0
0.46674067439039013,-0.86311370557121,0.0
0.37373531860156456,0.9299840268515333,0.0
-0.6018846011418408,-0.04078831265628027,1.0
0.5296439832912085,0.0735019812554687,1.0
-0.11551031356070107,-0.5578421657015731,1.0
0.8639340991448604,-0.563694301891834,0.0
-0.20490577862242282,1.0388191968793659,0.0
0.2544019053608104,0.3731390086493221,1.0
-1.0225592089274473,0.10266654014263904,0.0
-0.4378594828916963,-0.2773818977864505,1.0
